model,seed,heldout_scale,epoch,train_loss,val_accuracy,lr
TemporalResNet18Small,42,2.0,1,0.8515361117966035,0.30158730158730157,0.0002997040092642407
TemporalResNet18Small,42,2.0,2,0.2625748962163925,0.9338624338624338,0.0002988172051971717
TemporalResNet18Small,42,2.0,3,0.16432680277263417,0.9259259259259259,0.0002973430876093033
TemporalResNet18Small,42,2.0,4,0.0950554732561988,0.9841269841269841,0.00029528747416929463
TemporalResNet18Small,42,2.0,5,0.08410521251532961,0.9735449735449735,0.00029265847744427303
TemporalResNet18Small,42,2.0,6,0.0826395228779053,0.9735449735449735,0.0002894664728832377
TemporalResNet18Small,42,2.0,7,0.061970479128991854,0.9761904761904762,0.000285724057869903
TemporalResNet18Small,42,2.0,8,0.05359564776368001,0.9735449735449735,0.00028144600200657956
TemporalResNet18Small,42,2.0,9,0.047570645247640854,0.9841269841269841,0.0002766491888253023
TemporalResNet18Small,42,2.0,10,0.042614025382242876,0.9814814814814815,0.00027135254915624217
TemporalResNet18Small,42,2.0,11,0.05101967689594911,0.9761904761904762,0.0002655769864163684
TemporalResNet18Small,42,2.0,12,0.04193867493064746,0.9814814814814815,0.0002593452941132117
TemporalResNet18Small,42,2.0,13,0.04545061697375358,0.9841269841269841,0.0002526820658893033
TemporalResNet18Small,42,2.0,14,0.048732008620658344,0.9814814814814815,0.0002456135984623034
TemporalResNet18Small,42,3.0,1,0.7429223064990604,0.1693121693121693,0.0002997040092642407
TemporalResNet18Small,42,3.0,2,0.15185857125941446,0.9814814814814815,0.0002988172051971717
TemporalResNet18Small,42,3.0,3,0.06861668323878856,0.9867724867724867,0.0002973430876093033
TemporalResNet18Small,42,3.0,4,0.04557928177254165,1.0,0.00029528747416929463
TemporalResNet18Small,42,3.0,5,0.012155138141037348,1.0,0.00029265847744427303
TemporalResNet18Small,42,3.0,6,0.006631283202509889,1.0,0.0002894664728832377
TemporalResNet18Small,42,3.0,7,0.0009540957604151438,1.0,0.000285724057869903
TemporalResNet18Small,42,3.0,8,0.0004129485074800494,1.0,0.00028144600200657956
TemporalResNet18Small,42,3.0,9,0.00019914642732200103,1.0,0.0002766491888253023
TemporalResNet18Small,42,3.0,10,0.0001440556141674546,1.0,0.00027135254915624217
TemporalResNet18Small,42,3.0,11,0.00013989276211599216,1.0,0.0002655769864163684
TemporalResNet18Small,42,3.0,12,0.00012919668027761336,1.0,0.0002593452941132117
TemporalResNet18Small,42,3.0,13,0.00011148158313624342,1.0,0.0002526820658893033
TemporalResNet18Small,42,3.0,14,0.00011566166700932252,1.0,0.0002456135984623034
TemporalResNet18Small,42,4.0,1,0.9144353927934871,0.31746031746031744,0.0002997040092642407
TemporalResNet18Small,42,4.0,2,0.31201642444905114,0.8835978835978836,0.0002988172051971717
TemporalResNet18Small,42,4.0,3,0.17688500596319928,0.9338624338624338,0.0002973430876093033
TemporalResNet18Small,42,4.0,4,0.12488275333581601,0.9417989417989417,0.00029528747416929463
TemporalResNet18Small,42,4.0,5,0.08813076236230485,0.9682539682539683,0.00029265847744427303
TemporalResNet18Small,42,4.0,6,0.08372359829680885,0.9259259259259259,0.0002894664728832377
TemporalResNet18Small,42,4.0,7,0.09171518694390268,0.9417989417989417,0.000285724057869903
TemporalResNet18Small,42,4.0,8,0.06985063798835173,0.9735449735449735,0.00028144600200657956
TemporalResNet18Small,42,4.0,9,0.05250610249555286,0.955026455026455,0.0002766491888253023
TemporalResNet18Small,42,4.0,10,0.05625471391934244,0.9656084656084656,0.00027135254915624217
TemporalResNet18Small,42,4.0,11,0.04609250375891433,0.9735449735449735,0.0002655769864163684
TemporalResNet18Small,42,4.0,12,0.04547788897145759,0.9761904761904762,0.0002593452941132117
TemporalResNet18Small,42,4.0,13,0.04336877421626602,0.9708994708994709,0.0002526820658893033
TemporalResNet18Small,42,4.0,14,0.03448082529597313,0.9735449735449735,0.0002456135984623034
TemporalResNet18Small,42,4.0,15,0.06652138900758206,0.9656084656084656,0.00023816778784387096
TemporalResNet18Small,42,4.0,16,0.045270428244668225,0.9708994708994709,0.00023037401924684944
TemporalResNet18Small,42,4.0,17,0.03133616937403156,0.9735449735449735,0.00022226305111525726
TemporalResNet18Small,42,4.0,18,0.03635784614016302,0.9735449735449735,0.00021386689373476087
TemporalResNet18Small,42,4.0,19,0.03806750216309036,0.9682539682539683,0.00020521868290270169
TemporalResNet18Small,42,4.0,20,0.03498567849387387,0.9656084656084656,0.00019635254915624208
TemporalResNet18Small,42,4.0,21,0.031301005484933475,0.9735449735449735,0.00018730348307472816
TemporalResNet18Small,42,4.0,22,0.039891091596526915,0.9682539682539683,0.00017810719718785867
TemporalResNet18Small,42,6.0,1,0.8479148622821359,0.24867724867724866,0.0002997040092642407
TemporalResNet18Small,42,6.0,2,0.24372674941140063,0.8544973544973545,0.0002988172051971717
TemporalResNet18Small,42,6.0,3,0.18296283089062748,0.9365079365079365,0.0002973430876093033
TemporalResNet18Small,42,6.0,4,0.13207010837162242,0.9365079365079365,0.00029528747416929463
TemporalResNet18Small,42,6.0,5,0.09779608386623509,0.9523809523809523,0.00029265847744427303
TemporalResNet18Small,42,6.0,6,0.08917265051208875,0.9682539682539683,0.0002894664728832377
TemporalResNet18Small,42,6.0,7,0.06263452565626186,0.9735449735449735,0.000285724057869903
TemporalResNet18Small,42,6.0,8,0.06200669625061838,0.9470899470899471,0.00028144600200657956
TemporalResNet18Small,42,6.0,9,0.06983527634292841,0.9603174603174603,0.0002766491888253023
TemporalResNet18Small,42,6.0,10,0.05104790478328462,0.9708994708994709,0.00027135254915624217
TemporalResNet18Small,42,6.0,11,0.042392997927141976,0.9708994708994709,0.0002655769864163684
TemporalResNet18Small,42,6.0,12,0.07175179462715545,0.9603174603174603,0.0002593452941132117
TemporalResNet18Small,42,6.0,13,0.0545026409878012,0.9682539682539683,0.0002526820658893033
TemporalResNet18Small,42,6.0,14,0.037380987093509996,0.9761904761904762,0.0002456135984623034
TemporalResNet18Small,42,6.0,15,0.038521637907251716,0.9708994708994709,0.00023816778784387096
TemporalResNet18Small,42,6.0,16,0.032794670604155675,0.9708994708994709,0.00023037401924684944
TemporalResNet18Small,42,6.0,17,0.035531674196724504,0.9735449735449735,0.00022226305111525726
TemporalResNet18Small,42,6.0,18,0.03474746399339946,0.9708994708994709,0.00021386689373476087
TemporalResNet18Small,42,6.0,19,0.03999067278517246,0.9708994708994709,0.00020521868290270169
TemporalResNet18Small,42,6.0,20,0.03861687033307081,0.9788359788359788,0.00019635254915624208
TemporalResNet18Small,42,6.0,21,0.039982758431613225,0.9761904761904762,0.00018730348307472816
TemporalResNet18Small,42,6.0,22,0.03413606526480768,0.9761904761904762,0.00017810719718785867
TemporalResNet18Small,42,6.0,23,0.03496389963872977,0.9708994708994709,0.00016879998503464564
TemporalResNet18Small,42,6.0,24,0.031689325140391966,0.9708994708994709,0.000159418577929397
TemporalResNet18Small,42,6.0,25,0.03479506828914643,0.9735449735449735,0.00015
TemporalResNet18Small,42,6.0,26,0.035009233640962256,0.9735449735449735,0.000140581422070603
TemporalResNet18Small,42,6.0,27,0.029219987998230328,0.9708994708994709,0.00013120001496535436
TemporalResNet18Small,42,6.0,28,0.035602233893073654,0.9708994708994709,0.0001218928028121413
TemporalResNet18Small,42,6.0,29,0.03231688403919928,0.9708994708994709,0.00011269651692527177
TemporalResNet18Small,42,6.0,30,0.03032108488097198,0.9708994708994709,0.00010364745084375793
TemporalResNet18Small,42,8.0,1,0.8836248052470824,0.23015873015873015,0.0002997040092642407
TemporalResNet18Small,42,8.0,2,0.28230972960591316,0.9126984126984127,0.0002988172051971717
TemporalResNet18Small,42,8.0,3,0.18114712856271686,0.955026455026455,0.0002973430876093033
TemporalResNet18Small,42,8.0,4,0.15936196595430374,0.9497354497354498,0.00029528747416929463
TemporalResNet18Small,42,8.0,5,0.09845198132097721,0.9391534391534392,0.00029265847744427303
TemporalResNet18Small,42,8.0,6,0.11300648179124384,0.9523809523809523,0.0002894664728832377
TemporalResNet18Small,42,8.0,7,0.07027508811477352,0.9232804232804233,0.000285724057869903
TemporalResNet18Small,42,8.0,8,0.06723025589085677,0.9338624338624338,0.00028144600200657956
TemporalResNet18Small,42,8.0,9,0.0851192001855987,0.9761904761904762,0.0002766491888253023
TemporalResNet18Small,42,8.0,10,0.07123899262617617,0.9603174603174603,0.00027135254915624217
TemporalResNet18Small,42,8.0,11,0.057352551875416845,0.955026455026455,0.0002655769864163684
TemporalResNet18Small,42,8.0,12,0.049681070260703564,0.9735449735449735,0.0002593452941132117
TemporalResNet18Small,42,8.0,13,0.03766302635160494,0.9603174603174603,0.0002526820658893033
TemporalResNet18Small,42,8.0,14,0.049866003901971614,0.9708994708994709,0.0002456135984623034
TemporalResNet18Small,42,8.0,15,0.04134564277003793,0.9735449735449735,0.00023816778784387096
TemporalResNet18Small,42,8.0,16,0.041391217396320665,0.9629629629629629,0.00023037401924684944
TemporalResNet18Small,42,8.0,17,0.034399213464519775,0.9735449735449735,0.00022226305111525726
TemporalResNet18Small,42,8.0,18,0.03407510574427707,0.9656084656084656,0.00021386689373476087
TemporalResNet18Small,42,8.0,19,0.02922315279069795,0.9761904761904762,0.00020521868290270169
TemporalResNet18Small,42,12.0,1,0.894950823748813,0.1984126984126984,0.0002997040092642407
TemporalResNet18Small,42,12.0,2,0.2778676058001378,0.91005291005291,0.0002988172051971717
TemporalResNet18Small,42,12.0,3,0.22975684658569448,0.9497354497354498,0.0002973430876093033
TemporalResNet18Small,42,12.0,4,0.1610498839222333,0.9523809523809523,0.00029528747416929463
TemporalResNet18Small,42,12.0,5,0.10890650245196679,0.9444444444444444,0.00029265847744427303
TemporalResNet18Small,42,12.0,6,0.08351368292727891,0.9788359788359788,0.0002894664728832377
TemporalResNet18Small,42,12.0,7,0.07766922333222978,0.9682539682539683,0.000285724057869903
TemporalResNet18Small,42,12.0,8,0.06182668833335971,0.9708994708994709,0.00028144600200657956
TemporalResNet18Small,42,12.0,9,0.05237882165238261,0.9735449735449735,0.0002766491888253023
TemporalResNet18Small,42,12.0,10,0.051351899311959964,0.9761904761904762,0.00027135254915624217
TemporalResNet18Small,42,12.0,11,0.0502561581430628,0.9708994708994709,0.0002655769864163684
TemporalResNet18Small,42,12.0,12,0.052107250965063405,0.9735449735449735,0.0002593452941132117
TemporalResNet18Small,42,12.0,13,0.038672124713604504,0.9682539682539683,0.0002526820658893033
TemporalResNet18Small,42,12.0,14,0.034723903364091015,0.9708994708994709,0.0002456135984623034
TemporalResNet18Small,42,12.0,15,0.045477433318463975,0.9735449735449735,0.00023816778784387096
TemporalResNet18Small,42,12.0,16,0.03501788377145525,0.9682539682539683,0.00023037401924684944
TemporalResNet18Small,42,16.0,1,0.9044344219214776,0.3201058201058201,0.0002997040092642407
TemporalResNet18Small,42,16.0,2,0.26668665755320997,0.9338624338624338,0.0002988172051971717
TemporalResNet18Small,42,16.0,3,0.20430960265152595,0.8941798941798942,0.0002973430876093033
TemporalResNet18Small,42,16.0,4,0.15408379924209678,0.9523809523809523,0.00029528747416929463
TemporalResNet18Small,42,16.0,5,0.10960136847022701,0.9629629629629629,0.00029265847744427303
TemporalResNet18Small,42,16.0,6,0.10240171104669571,0.9788359788359788,0.0002894664728832377
TemporalResNet18Small,42,16.0,7,0.10613916896502762,0.955026455026455,0.000285724057869903
TemporalResNet18Small,42,16.0,8,0.07267281067941118,0.9603174603174603,0.00028144600200657956
TemporalResNet18Small,42,16.0,9,0.0623103604405461,0.9814814814814815,0.0002766491888253023
TemporalResNet18Small,42,16.0,10,0.05804172088392079,0.9735449735449735,0.00027135254915624217
TemporalResNet18Small,42,16.0,11,0.046229602392379415,0.9814814814814815,0.0002655769864163684
TemporalResNet18Small,42,16.0,12,0.04596933059613494,0.9761904761904762,0.0002593452941132117
TemporalResNet18Small,42,16.0,13,0.061681756290935856,0.9814814814814815,0.0002526820658893033
TemporalResNet18Small,42,16.0,14,0.03492963347269003,0.9735449735449735,0.0002456135984623034
TemporalResNet18Small,42,16.0,15,0.040568754022174025,0.9814814814814815,0.00023816778784387096
TemporalResNet18Small,42,16.0,16,0.03377139813571429,0.9735449735449735,0.00023037401924684944
TemporalResNet18Small,42,16.0,17,0.043406396816648984,0.9814814814814815,0.00022226305111525726
TemporalResNet18Small,42,16.0,18,0.04152518510647282,0.9814814814814815,0.00021386689373476087
TemporalResNet18Small,42,16.0,19,0.04259430199368473,0.9814814814814815,0.00020521868290270169
TemporalResNet18Small,42,24.0,1,0.8071563200039023,0.1984126984126984,0.0002997040092642407
TemporalResNet18Small,42,24.0,2,0.25290487377959137,0.8968253968253969,0.0002988172051971717
TemporalResNet18Small,42,24.0,3,0.14569043001050458,0.8888888888888888,0.0002973430876093033
TemporalResNet18Small,42,24.0,4,0.10757481394445195,0.9682539682539683,0.00029528747416929463
TemporalResNet18Small,42,24.0,5,0.09906801674515009,0.9708994708994709,0.00029265847744427303
TemporalResNet18Small,42,24.0,6,0.06834123102838502,0.9656084656084656,0.0002894664728832377
TemporalResNet18Small,42,24.0,7,0.07229683166095878,0.9682539682539683,0.000285724057869903
TemporalResNet18Small,42,24.0,8,0.048495108227464646,0.9708994708994709,0.00028144600200657956
TemporalResNet18Small,42,24.0,9,0.05767649496727459,0.9682539682539683,0.0002766491888253023
TemporalResNet18Small,42,24.0,10,0.055761962348376125,0.9708994708994709,0.00027135254915624217
TemporalResNet18Small,42,24.0,11,0.042411246494499635,0.9735449735449735,0.0002655769864163684
TemporalResNet18Small,42,24.0,12,0.045533131712171084,0.9682539682539683,0.0002593452941132117
TemporalResNet18Small,42,24.0,13,0.036812278222950065,0.9682539682539683,0.0002526820658893033
TemporalResNet18Small,42,24.0,14,0.032173130938591546,0.9735449735449735,0.0002456135984623034
TemporalResNet18Small,42,24.0,15,0.045199646289213836,0.9761904761904762,0.00023816778784387096
TemporalResNet18Small,42,24.0,16,0.03534901467227267,0.9656084656084656,0.00023037401924684944
TemporalResNet18Small,42,24.0,17,0.033766325188266555,0.9682539682539683,0.00022226305111525726
TemporalResNet18Small,42,24.0,18,0.045939364735899935,0.9682539682539683,0.00021386689373476087
TemporalResNet18Small,42,24.0,19,0.03673590983859921,0.9735449735449735,0.00020521868290270169
TemporalResNet18Small,42,24.0,20,0.03462561718462145,0.9708994708994709,0.00019635254915624208
TemporalResNet18Small,42,24.0,21,0.03318340275847517,0.9682539682539683,0.00018730348307472816
TemporalResNet18Small,42,24.0,22,0.03844055299893679,0.9682539682539683,0.00017810719718785867
TemporalResNet18Small,42,24.0,23,0.035199923035072384,0.9682539682539683,0.00016879998503464564
TemporalResNet18Small,42,24.0,24,0.029743018213005543,0.9708994708994709,0.000159418577929397
TemporalResNet18Small,42,24.0,25,0.031208390604553965,0.9761904761904762,0.00015
TemporalResNet18Small,84,2.0,1,0.8815074124756981,0.22486772486772486,0.0002997040092642407
TemporalResNet18Small,84,2.0,2,0.257824894040823,0.9603174603174603,0.0002988172051971717
TemporalResNet18Small,84,2.0,3,0.16144132274476922,0.9603174603174603,0.0002973430876093033
TemporalResNet18Small,84,2.0,4,0.12787394663866827,0.9576719576719577,0.00029528747416929463
TemporalResNet18Small,84,2.0,5,0.09736721672336845,0.9814814814814815,0.00029265847744427303
TemporalResNet18Small,84,2.0,6,0.06667095518616192,0.9761904761904762,0.0002894664728832377
TemporalResNet18Small,84,2.0,7,0.059871711891473216,0.9761904761904762,0.000285724057869903
TemporalResNet18Small,84,2.0,8,0.047380182491478455,0.9761904761904762,0.00028144600200657956
TemporalResNet18Small,84,2.0,9,0.05559924677671755,0.9259259259259259,0.0002766491888253023
TemporalResNet18Small,84,2.0,10,0.04535837397527169,0.9761904761904762,0.00027135254915624217
TemporalResNet18Small,84,2.0,11,0.03574352383421844,0.9761904761904762,0.0002655769864163684
TemporalResNet18Small,84,2.0,12,0.030349980506477605,0.9788359788359788,0.0002593452941132117
TemporalResNet18Small,84,2.0,13,0.039695342947893286,0.9761904761904762,0.0002526820658893033
TemporalResNet18Small,84,2.0,14,0.03776880968464812,0.9841269841269841,0.0002456135984623034
TemporalResNet18Small,84,2.0,15,0.04355999391683487,0.9788359788359788,0.00023816778784387096
TemporalResNet18Small,84,2.0,16,0.035969753475750196,0.9761904761904762,0.00023037401924684944
TemporalResNet18Small,84,2.0,17,0.03693764188381679,0.9761904761904762,0.00022226305111525726
TemporalResNet18Small,84,2.0,18,0.040711367584984094,0.9814814814814815,0.00021386689373476087
TemporalResNet18Small,84,2.0,19,0.03832809481708169,0.9788359788359788,0.00020521868290270169
TemporalResNet18Small,84,2.0,20,0.03875047794067273,0.9761904761904762,0.00019635254915624208
TemporalResNet18Small,84,2.0,21,0.03540408075787127,0.9814814814814815,0.00018730348307472816
TemporalResNet18Small,84,2.0,22,0.03863671343381558,0.9761904761904762,0.00017810719718785867
TemporalResNet18Small,84,2.0,23,0.036177460142318846,0.9814814814814815,0.00016879998503464564
TemporalResNet18Small,84,2.0,24,0.03432985898389768,0.9761904761904762,0.000159418577929397
TemporalResNet18Small,84,3.0,1,0.798985448830268,0.25925925925925924,0.0002997040092642407
TemporalResNet18Small,84,3.0,2,0.18346672592794194,0.8624338624338624,0.0002988172051971717
TemporalResNet18Small,84,3.0,3,0.045140425291131527,0.9365079365079365,0.0002973430876093033
TemporalResNet18Small,84,3.0,4,0.028858287889948663,0.9867724867724867,0.00029528747416929463
TemporalResNet18Small,84,3.0,5,0.014588570725583635,1.0,0.00029265847744427303
TemporalResNet18Small,84,3.0,6,0.002590285909451161,1.0,0.0002894664728832377
TemporalResNet18Small,84,3.0,7,0.006362756714224815,1.0,0.000285724057869903
TemporalResNet18Small,84,3.0,8,0.003653857229544562,1.0,0.00028144600200657956
TemporalResNet18Small,84,3.0,9,0.00035002909434671676,1.0,0.0002766491888253023
TemporalResNet18Small,84,3.0,10,0.0002245483303661732,1.0,0.00027135254915624217
TemporalResNet18Small,84,3.0,11,0.0001507348450318472,1.0,0.0002655769864163684
TemporalResNet18Small,84,3.0,12,0.0001505959017402561,1.0,0.0002593452941132117
TemporalResNet18Small,84,3.0,13,0.00011624138685018646,1.0,0.0002526820658893033
TemporalResNet18Small,84,3.0,14,0.00010225281595707843,1.0,0.0002456135984623034
TemporalResNet18Small,84,3.0,15,0.00010301596782536602,1.0,0.00023816778784387096
TemporalResNet18Small,84,4.0,1,0.820297030841603,0.2804232804232804,0.0002997040092642407
TemporalResNet18Small,84,4.0,2,0.2835366576910019,0.9417989417989417,0.0002988172051971717
TemporalResNet18Small,84,4.0,3,0.17942390853867812,0.9708994708994709,0.0002973430876093033
TemporalResNet18Small,84,4.0,4,0.12516707494197524,0.9656084656084656,0.00029528747416929463
TemporalResNet18Small,84,4.0,5,0.09314736548592062,0.9761904761904762,0.00029265847744427303
TemporalResNet18Small,84,4.0,6,0.05466209482127691,0.9814814814814815,0.0002894664728832377
TemporalResNet18Small,84,4.0,7,0.07360538730726522,0.9523809523809523,0.000285724057869903
TemporalResNet18Small,84,4.0,8,0.07103223822024815,0.9947089947089947,0.00028144600200657956
TemporalResNet18Small,84,4.0,9,0.06096889089573832,0.9947089947089947,0.0002766491888253023
TemporalResNet18Small,84,4.0,10,0.057677810628186256,0.9867724867724867,0.00027135254915624217
TemporalResNet18Small,84,4.0,11,0.05824217964511584,0.9656084656084656,0.0002655769864163684
TemporalResNet18Small,84,4.0,12,0.0422730865299373,0.9788359788359788,0.0002593452941132117
TemporalResNet18Small,84,4.0,13,0.04546458230299108,0.9735449735449735,0.0002526820658893033
TemporalResNet18Small,84,4.0,14,0.041095376072917134,0.9814814814814815,0.0002456135984623034
TemporalResNet18Small,84,4.0,15,0.033531787414925504,0.9735449735449735,0.00023816778784387096
TemporalResNet18Small,84,4.0,16,0.03291518345940858,0.9814814814814815,0.00023037401924684944
TemporalResNet18Small,84,4.0,17,0.04436962605070542,0.9788359788359788,0.00022226305111525726
TemporalResNet18Small,84,4.0,18,0.03645752648555893,0.9814814814814815,0.00021386689373476087
TemporalResNet18Small,84,6.0,1,0.8461479053777807,0.20899470899470898,0.0002997040092642407
TemporalResNet18Small,84,6.0,2,0.2898784976671724,0.917989417989418,0.0002988172051971717
TemporalResNet18Small,84,6.0,3,0.17682013496318283,0.9259259259259259,0.0002973430876093033
TemporalResNet18Small,84,6.0,4,0.15301639411379309,0.91005291005291,0.00029528747416929463
TemporalResNet18Small,84,6.0,5,0.1113810577594182,0.9444444444444444,0.00029265847744427303
TemporalResNet18Small,84,6.0,6,0.10329438819933463,0.9523809523809523,0.0002894664728832377
TemporalResNet18Small,84,6.0,7,0.06615744879031006,0.9682539682539683,0.000285724057869903
TemporalResNet18Small,84,6.0,8,0.0633236049564884,0.91005291005291,0.00028144600200657956
TemporalResNet18Small,84,6.0,9,0.08076689219759668,0.9576719576719577,0.0002766491888253023
TemporalResNet18Small,84,6.0,10,0.04658273725277361,0.9682539682539683,0.00027135254915624217
TemporalResNet18Small,84,6.0,11,0.05896770565167946,0.9788359788359788,0.0002655769864163684
TemporalResNet18Small,84,6.0,12,0.0598210586262319,0.9708994708994709,0.0002593452941132117
TemporalResNet18Small,84,6.0,13,0.043281223351026285,0.9708994708994709,0.0002526820658893033
TemporalResNet18Small,84,6.0,14,0.041529595435884616,0.9735449735449735,0.0002456135984623034
TemporalResNet18Small,84,6.0,15,0.03475312069777454,0.9735449735449735,0.00023816778784387096
TemporalResNet18Small,84,6.0,16,0.03858238396145787,0.9682539682539683,0.00023037401924684944
TemporalResNet18Small,84,6.0,17,0.03888259781010942,0.9788359788359788,0.00022226305111525726
TemporalResNet18Small,84,6.0,18,0.036237013842979005,0.9735449735449735,0.00021386689373476087
TemporalResNet18Small,84,6.0,19,0.034854671144036245,0.9788359788359788,0.00020521868290270169
TemporalResNet18Small,84,6.0,20,0.04565148812253028,0.9841269841269841,0.00019635254915624208
TemporalResNet18Small,84,6.0,21,0.029771240327082685,0.9682539682539683,0.00018730348307472816
TemporalResNet18Small,84,6.0,22,0.035408877860925926,0.9682539682539683,0.00017810719718785867
TemporalResNet18Small,84,6.0,23,0.03356682401456911,0.9735449735449735,0.00016879998503464564
TemporalResNet18Small,84,6.0,24,0.02993379281628329,0.9788359788359788,0.000159418577929397
TemporalResNet18Small,84,6.0,25,0.032685691774103735,0.9735449735449735,0.00015
TemporalResNet18Small,84,6.0,26,0.027910318121190787,0.9682539682539683,0.000140581422070603
TemporalResNet18Small,84,6.0,27,0.029959449489765307,0.9682539682539683,0.00013120001496535436
TemporalResNet18Small,84,6.0,28,0.031147242941455367,0.9682539682539683,0.0001218928028121413
TemporalResNet18Small,84,6.0,29,0.035265864989710016,0.9735449735449735,0.00011269651692527177
TemporalResNet18Small,84,6.0,30,0.03617655980633572,0.9735449735449735,0.00010364745084375793
TemporalResNet18Small,84,8.0,1,0.9621418223661535,0.2777777777777778,0.0002997040092642407
TemporalResNet18Small,84,8.0,2,0.3027580807752469,0.8544973544973545,0.0002988172051971717
TemporalResNet18Small,84,8.0,3,0.19284046463230076,0.9338624338624338,0.0002973430876093033
TemporalResNet18Small,84,8.0,4,0.14463726031210491,0.9497354497354498,0.00029528747416929463
TemporalResNet18Small,84,8.0,5,0.1158395714181311,0.9682539682539683,0.00029265847744427303
TemporalResNet18Small,84,8.0,6,0.08559480314964757,0.9576719576719577,0.0002894664728832377
TemporalResNet18Small,84,8.0,7,0.08967965890598648,0.8862433862433863,0.000285724057869903
TemporalResNet18Small,84,8.0,8,0.08612180572441396,0.9682539682539683,0.00028144600200657956
TemporalResNet18Small,84,8.0,9,0.06154232176349444,0.9576719576719577,0.0002766491888253023
TemporalResNet18Small,84,8.0,10,0.06340167734443265,0.9735449735449735,0.00027135254915624217
TemporalResNet18Small,84,8.0,11,0.04148676501148764,0.9470899470899471,0.0002655769864163684
TemporalResNet18Small,84,8.0,12,0.046527112615020835,0.9708994708994709,0.0002593452941132117
TemporalResNet18Small,84,8.0,13,0.042849442318958396,0.9761904761904762,0.0002526820658893033
TemporalResNet18Small,84,8.0,14,0.031354986239046624,0.9708994708994709,0.0002456135984623034
TemporalResNet18Small,84,8.0,15,0.03765020556217197,0.9682539682539683,0.00023816778784387096
TemporalResNet18Small,84,8.0,16,0.03206881667788634,0.9682539682539683,0.00023037401924684944
TemporalResNet18Small,84,8.0,17,0.03144852885366965,0.9682539682539683,0.00022226305111525726
TemporalResNet18Small,84,8.0,18,0.0406973507556626,0.9629629629629629,0.00021386689373476087
TemporalResNet18Small,84,8.0,19,0.044802731091348344,0.9682539682539683,0.00020521868290270169
TemporalResNet18Small,84,8.0,20,0.035244476494399886,0.9682539682539683,0.00019635254915624208
TemporalResNet18Small,84,8.0,21,0.0370379876181045,0.9682539682539683,0.00018730348307472816
TemporalResNet18Small,84,8.0,22,0.031153292432838285,0.9682539682539683,0.00017810719718785867
TemporalResNet18Small,84,8.0,23,0.03242084770703085,0.9682539682539683,0.00016879998503464564
TemporalResNet18Small,84,12.0,1,0.8179090820691165,0.37037037037037035,0.0002997040092642407
TemporalResNet18Small,84,12.0,2,0.21345249475801692,0.8994708994708994,0.0002988172051971717
TemporalResNet18Small,84,12.0,3,0.15085795149207115,0.9735449735449735,0.0002973430876093033
TemporalResNet18Small,84,12.0,4,0.09664653584032375,0.917989417989418,0.00029528747416929463
TemporalResNet18Small,84,12.0,5,0.10667504756437506,0.9735449735449735,0.00029265847744427303
TemporalResNet18Small,84,12.0,6,0.07666217519299072,0.9735449735449735,0.0002894664728832377
TemporalResNet18Small,84,12.0,7,0.07456693822271465,0.9391534391534392,0.000285724057869903
TemporalResNet18Small,84,12.0,8,0.05739673983086558,0.9603174603174603,0.00028144600200657956
TemporalResNet18Small,84,12.0,9,0.04650756826980368,0.9708994708994709,0.0002766491888253023
TemporalResNet18Small,84,12.0,10,0.048156202216084826,0.9735449735449735,0.00027135254915624217
TemporalResNet18Small,84,12.0,11,0.04256905952934176,0.9735449735449735,0.0002655769864163684
TemporalResNet18Small,84,12.0,12,0.04211306043297929,0.9656084656084656,0.0002593452941132117
TemporalResNet18Small,84,12.0,13,0.039540860528016794,0.9682539682539683,0.0002526820658893033
TemporalResNet18Small,84,16.0,1,0.8264452850117403,0.3333333333333333,0.0002997040092642407
TemporalResNet18Small,84,16.0,2,0.2646615467965603,0.9126984126984127,0.0002988172051971717
TemporalResNet18Small,84,16.0,3,0.1661002503379303,0.9259259259259259,0.0002973430876093033
TemporalResNet18Small,84,16.0,4,0.1270253394237336,0.9312169312169312,0.00029528747416929463
TemporalResNet18Small,84,16.0,5,0.11098051235518035,0.9629629629629629,0.00029265847744427303
TemporalResNet18Small,84,16.0,6,0.07725383554968764,0.9629629629629629,0.0002894664728832377
TemporalResNet18Small,84,16.0,7,0.06053933986079167,0.955026455026455,0.000285724057869903
TemporalResNet18Small,84,16.0,8,0.06749165537493194,0.9629629629629629,0.00028144600200657956
TemporalResNet18Small,84,16.0,9,0.06650081646683462,0.9682539682539683,0.0002766491888253023
TemporalResNet18Small,84,16.0,10,0.048692379756282794,0.9629629629629629,0.00027135254915624217
TemporalResNet18Small,84,16.0,11,0.04869390328359954,0.9708994708994709,0.0002655769864163684
TemporalResNet18Small,84,16.0,12,0.03864600883646156,0.9629629629629629,0.0002593452941132117
TemporalResNet18Small,84,16.0,13,0.0387339322033393,0.9682539682539683,0.0002526820658893033
TemporalResNet18Small,84,16.0,14,0.03505392583525356,0.9656084656084656,0.0002456135984623034
TemporalResNet18Small,84,16.0,15,0.038963262618327624,0.9656084656084656,0.00023816778784387096
TemporalResNet18Small,84,16.0,16,0.0364413801323869,0.9682539682539683,0.00023037401924684944
TemporalResNet18Small,84,16.0,17,0.030548790924299015,0.9735449735449735,0.00022226305111525726
TemporalResNet18Small,84,16.0,18,0.04115170139052412,0.9656084656084656,0.00021386689373476087
TemporalResNet18Small,84,16.0,19,0.03880717471645981,0.9656084656084656,0.00020521868290270169
TemporalResNet18Small,84,16.0,20,0.03403332776831709,0.9656084656084656,0.00019635254915624208
TemporalResNet18Small,84,16.0,21,0.040703591068877894,0.9656084656084656,0.00018730348307472816
TemporalResNet18Small,84,16.0,22,0.03668344974079553,0.9735449735449735,0.00017810719718785867
TemporalResNet18Small,84,16.0,23,0.03220997802204425,0.9656084656084656,0.00016879998503464564
TemporalResNet18Small,84,16.0,24,0.03191003540311666,0.9629629629629629,0.000159418577929397
TemporalResNet18Small,84,16.0,25,0.03185653146133786,0.9629629629629629,0.00015
TemporalResNet18Small,84,16.0,26,0.03049951718746931,0.9708994708994709,0.000140581422070603
TemporalResNet18Small,84,16.0,27,0.03099805849385174,0.9603174603174603,0.00013120001496535436
TemporalResNet18Small,84,24.0,1,0.9037226754076341,0.32275132275132273,0.0002997040092642407
TemporalResNet18Small,84,24.0,2,0.25955476940554734,0.9126984126984127,0.0002988172051971717
TemporalResNet18Small,84,24.0,3,0.19075272670563528,0.9735449735449735,0.0002973430876093033
TemporalResNet18Small,84,24.0,4,0.12777157927698948,0.9656084656084656,0.00029528747416929463
TemporalResNet18Small,84,24.0,5,0.08883827453588738,0.9682539682539683,0.00029265847744427303
TemporalResNet18Small,84,24.0,6,0.07895984391079229,0.9682539682539683,0.0002894664728832377
TemporalResNet18Small,84,24.0,7,0.07472474032136447,0.9761904761904762,0.000285724057869903
TemporalResNet18Small,84,24.0,8,0.06763295808752232,0.9523809523809523,0.00028144600200657956
TemporalResNet18Small,84,24.0,9,0.07300277163877207,0.9761904761904762,0.0002766491888253023
TemporalResNet18Small,84,24.0,10,0.052512682063559836,0.9656084656084656,0.00027135254915624217
TemporalResNet18Small,84,24.0,11,0.04390940326265991,0.9656084656084656,0.0002655769864163684
TemporalResNet18Small,84,24.0,12,0.039099429617635906,0.9708994708994709,0.0002593452941132117
TemporalResNet18Small,84,24.0,13,0.052638918989995384,0.9682539682539683,0.0002526820658893033
TemporalResNet18Small,84,24.0,14,0.036178255998118615,0.9788359788359788,0.0002456135984623034
TemporalResNet18Small,84,24.0,15,0.037939039432197154,0.9708994708994709,0.00023816778784387096
TemporalResNet18Small,84,24.0,16,0.03797114621300031,0.9603174603174603,0.00023037401924684944
TemporalResNet18Small,84,24.0,17,0.042523318100446725,0.9656084656084656,0.00022226305111525726
TemporalResNet18Small,84,24.0,18,0.03534335727111765,0.9735449735449735,0.00021386689373476087
TemporalResNet18Small,84,24.0,19,0.04229557190881357,0.9656084656084656,0.00020521868290270169
TemporalResNet18Small,84,24.0,20,0.037301143255557265,0.9735449735449735,0.00019635254915624208
TemporalResNet18Small,84,24.0,21,0.03147534281785792,0.9656084656084656,0.00018730348307472816
TemporalResNet18Small,84,24.0,22,0.03429818139343029,0.9708994708994709,0.00017810719718785867
TemporalResNet18Small,84,24.0,23,0.03670480562911561,0.9867724867724867,0.00016879998503464564
TemporalResNet18Small,84,24.0,24,0.042568943627616936,0.9708994708994709,0.000159418577929397
TemporalResNet18Small,84,24.0,25,0.036870271364665204,0.9708994708994709,0.00015
TemporalResNet18Small,84,24.0,26,0.031812649013933395,0.9656084656084656,0.000140581422070603
TemporalResNet18Small,84,24.0,27,0.03504667840452919,0.9708994708994709,0.00013120001496535436
TemporalResNet18Small,84,24.0,28,0.031508783253871915,0.9708994708994709,0.0001218928028121413
TemporalResNet18Small,84,24.0,29,0.0355851882520844,0.9708994708994709,0.00011269651692527177
TemporalResNet18Small,84,24.0,30,0.03305928226473043,0.9708994708994709,0.00010364745084375793
TemporalResNet18Small,84,24.0,31,0.041460517600010946,0.9656084656084656,9.478131709729836e-05
TemporalResNet18Small,84,24.0,32,0.029145081358900128,0.9656084656084656,8.61331062652391e-05
TemporalResNet18Small,84,24.0,33,0.03994026960914626,0.9656084656084656,7.773694888474269e-05
TemporalResNet18Small,96,2.0,1,0.8441600755733603,0.25132275132275134,0.0002997040092642407
TemporalResNet18Small,96,2.0,2,0.3365730822962873,0.8941798941798942,0.0002988172051971717
TemporalResNet18Small,96,2.0,3,0.17033478080788078,0.8624338624338624,0.0002973430876093033
TemporalResNet18Small,96,2.0,4,0.14006464731167345,0.9365079365079365,0.00029528747416929463
TemporalResNet18Small,96,2.0,5,0.08434598564225085,0.8465608465608465,0.00029265847744427303
TemporalResNet18Small,96,2.0,6,0.07215957836631466,0.9629629629629629,0.0002894664728832377
TemporalResNet18Small,96,2.0,7,0.058072649723138005,0.9497354497354498,0.000285724057869903
TemporalResNet18Small,96,2.0,8,0.05463175938519485,0.7275132275132276,0.00028144600200657956
TemporalResNet18Small,96,2.0,9,0.053561044576139576,0.9656084656084656,0.0002766491888253023
TemporalResNet18Small,96,2.0,10,0.037449396564625204,0.9682539682539683,0.00027135254915624217
TemporalResNet18Small,96,2.0,11,0.040704708724447036,0.9338624338624338,0.0002655769864163684
TemporalResNet18Small,96,2.0,12,0.041374223847763944,0.9656084656084656,0.0002593452941132117
TemporalResNet18Small,96,2.0,13,0.03696578720700927,0.9629629629629629,0.0002526820658893033
TemporalResNet18Small,96,2.0,14,0.029586004000841912,0.9629629629629629,0.0002456135984623034
TemporalResNet18Small,96,2.0,15,0.03559062585083987,0.9682539682539683,0.00023816778784387096
TemporalResNet18Small,96,2.0,16,0.032601181712165916,0.9708994708994709,0.00023037401924684944
TemporalResNet18Small,96,2.0,17,0.03364449176425457,0.9656084656084656,0.00022226305111525726
TemporalResNet18Small,96,2.0,18,0.03194273708419025,0.9576719576719577,0.00021386689373476087
TemporalResNet18Small,96,2.0,19,0.031638749019989254,0.9656084656084656,0.00020521868290270169
TemporalResNet18Small,96,2.0,20,0.03029673098011271,0.9629629629629629,0.00019635254915624208
TemporalResNet18Small,96,2.0,21,0.03515372085059747,0.9656084656084656,0.00018730348307472816
TemporalResNet18Small,96,2.0,22,0.028162064041894423,0.9576719576719577,0.00017810719718785867
TemporalResNet18Small,96,2.0,23,0.033792367400618625,0.9576719576719577,0.00016879998503464564
TemporalResNet18Small,96,2.0,24,0.036570507493760326,0.9629629629629629,0.000159418577929397
TemporalResNet18Small,96,2.0,25,0.03603609986962778,0.9629629629629629,0.00015
TemporalResNet18Small,96,2.0,26,0.02851529572452658,0.9629629629629629,0.000140581422070603
TemporalResNet18Small,96,3.0,1,0.870324020000065,0.3888888888888889,0.0002997040092642407
TemporalResNet18Small,96,3.0,2,0.24364632959751523,0.9259259259259259,0.0002988172051971717
TemporalResNet18Small,96,3.0,3,0.12511677448363864,0.9365079365079365,0.0002973430876093033
TemporalResNet18Small,96,3.0,4,0.06957503840984668,0.9629629629629629,0.00029528747416929463
TemporalResNet18Small,96,3.0,5,0.03185634895720903,0.9788359788359788,0.00029265847744427303
TemporalResNet18Small,96,3.0,6,0.01852746679009322,0.9947089947089947,0.0002894664728832377
TemporalResNet18Small,96,3.0,7,0.004405139928327545,0.9814814814814815,0.000285724057869903
TemporalResNet18Small,96,3.0,8,0.018184907402268007,0.9973544973544973,0.00028144600200657956
TemporalResNet18Small,96,3.0,9,0.002364663576693548,1.0,0.0002766491888253023
TemporalResNet18Small,96,3.0,10,0.0019156805180554168,1.0,0.00027135254915624217
TemporalResNet18Small,96,3.0,11,0.0003246156158959767,1.0,0.0002655769864163684
TemporalResNet18Small,96,3.0,12,0.00019761872296358515,1.0,0.0002593452941132117
TemporalResNet18Small,96,3.0,13,0.00016410102719365729,1.0,0.0002526820658893033
TemporalResNet18Small,96,3.0,14,0.00012845907825548611,1.0,0.0002456135984623034
TemporalResNet18Small,96,3.0,15,0.00011712087635875351,1.0,0.00023816778784387096
TemporalResNet18Small,96,3.0,16,0.00010985276458086446,1.0,0.00023037401924684944
TemporalResNet18Small,96,3.0,17,0.00010124144789776491,1.0,0.00022226305111525726
TemporalResNet18Small,96,3.0,18,7.95380777109291e-05,1.0,0.00021386689373476087
TemporalResNet18Small,96,3.0,19,9.001334536365261e-05,1.0,0.00020521868290270169
TemporalResNet18Small,96,4.0,1,0.8435194132959142,0.3835978835978836,0.0002997040092642407
TemporalResNet18Small,96,4.0,2,0.25791855682345,0.917989417989418,0.0002988172051971717
TemporalResNet18Small,96,4.0,3,0.1528012867578689,0.9391534391534392,0.0002973430876093033
TemporalResNet18Small,96,4.0,4,0.125416106380084,0.9470899470899471,0.00029528747416929463
TemporalResNet18Small,96,4.0,5,0.10778878497726777,0.9735449735449735,0.00029265847744427303
TemporalResNet18Small,96,4.0,6,0.08988033813040923,0.955026455026455,0.0002894664728832377
TemporalResNet18Small,96,4.0,7,0.0611752814558499,0.9629629629629629,0.000285724057869903
TemporalResNet18Small,96,4.0,8,0.06097162249224151,0.9682539682539683,0.00028144600200657956
TemporalResNet18Small,96,4.0,9,0.05362439686980318,0.9656084656084656,0.0002766491888253023
TemporalResNet18Small,96,4.0,10,0.041200021295534336,0.9682539682539683,0.00027135254915624217
TemporalResNet18Small,96,4.0,11,0.042386852423934376,0.9682539682539683,0.0002655769864163684
TemporalResNet18Small,96,4.0,12,0.035906734283986115,0.9656084656084656,0.0002593452941132117
TemporalResNet18Small,96,4.0,13,0.03433741094298003,0.9708994708994709,0.0002526820658893033
TemporalResNet18Small,96,4.0,14,0.03501797408235314,0.9656084656084656,0.0002456135984623034
TemporalResNet18Small,96,4.0,15,0.03693859067724963,0.9656084656084656,0.00023816778784387096
TemporalResNet18Small,96,6.0,1,0.8478111388052211,0.25396825396825395,0.0002997040092642407
TemporalResNet18Small,96,6.0,2,0.268581620472319,0.9444444444444444,0.0002988172051971717
TemporalResNet18Small,96,6.0,3,0.18328727014801083,0.9656084656084656,0.0002973430876093033
TemporalResNet18Small,96,6.0,4,0.13532263632206357,0.9867724867724867,0.00029528747416929463
TemporalResNet18Small,96,6.0,5,0.14370113359216383,0.917989417989418,0.00029265847744427303
TemporalResNet18Small,96,6.0,6,0.0948967138195739,0.9947089947089947,0.0002894664728832377
TemporalResNet18Small,96,6.0,7,0.07170499477754622,0.9867724867724867,0.000285724057869903
TemporalResNet18Small,96,6.0,8,0.08131468449445332,0.9867724867724867,0.00028144600200657956
TemporalResNet18Small,96,6.0,9,0.07935519776690532,1.0,0.0002766491888253023
TemporalResNet18Small,96,6.0,10,0.06788542464046794,0.9920634920634921,0.00027135254915624217
TemporalResNet18Small,96,6.0,11,0.052200341788942325,0.9814814814814815,0.0002655769864163684
TemporalResNet18Small,96,6.0,12,0.038043844623162466,0.9947089947089947,0.0002593452941132117
TemporalResNet18Small,96,6.0,13,0.04180815747445997,0.9867724867724867,0.0002526820658893033
TemporalResNet18Small,96,6.0,14,0.04638526245595559,0.9920634920634921,0.0002456135984623034
TemporalResNet18Small,96,6.0,15,0.037060621829689756,0.9867724867724867,0.00023816778784387096
TemporalResNet18Small,96,6.0,16,0.046756025211995136,0.9973544973544973,0.00023037401924684944
TemporalResNet18Small,96,6.0,17,0.04215659332626006,0.9867724867724867,0.00022226305111525726
TemporalResNet18Small,96,6.0,18,0.0456993715642431,0.9920634920634921,0.00021386689373476087
TemporalResNet18Small,96,6.0,19,0.04532088802250869,0.9947089947089947,0.00020521868290270169
TemporalResNet18Small,96,8.0,1,0.8944357055075028,0.42592592592592593,0.0002997040092642407
TemporalResNet18Small,96,8.0,2,0.2571267755154301,0.9365079365079365,0.0002988172051971717
TemporalResNet18Small,96,8.0,3,0.17327247428543427,0.9708994708994709,0.0002973430876093033
TemporalResNet18Small,96,8.0,4,0.14520852815578966,0.9841269841269841,0.00029528747416929463
TemporalResNet18Small,96,8.0,5,0.10175396737587802,0.9841269841269841,0.00029265847744427303
TemporalResNet18Small,96,8.0,6,0.07690145067103646,0.9788359788359788,0.0002894664728832377
TemporalResNet18Small,96,8.0,7,0.077509254874552,0.9788359788359788,0.000285724057869903
TemporalResNet18Small,96,8.0,8,0.06613405315917642,0.9682539682539683,0.00028144600200657956
TemporalResNet18Small,96,8.0,9,0.05587865645065904,0.9814814814814815,0.0002766491888253023
TemporalResNet18Small,96,8.0,10,0.050831972908995604,0.9761904761904762,0.00027135254915624217
TemporalResNet18Small,96,8.0,11,0.0713208933662185,0.9735449735449735,0.0002655769864163684
TemporalResNet18Small,96,8.0,12,0.04531661862411591,0.9867724867724867,0.0002593452941132117
TemporalResNet18Small,96,8.0,13,0.043361598290229106,0.9788359788359788,0.0002526820658893033
TemporalResNet18Small,96,8.0,14,0.043226057728615534,0.9814814814814815,0.0002456135984623034
TemporalResNet18Small,96,8.0,15,0.05917920700877028,0.9788359788359788,0.00023816778784387096
TemporalResNet18Small,96,8.0,16,0.03896009460817475,0.9788359788359788,0.00023037401924684944
TemporalResNet18Small,96,8.0,17,0.035315880497150565,0.9814814814814815,0.00022226305111525726
TemporalResNet18Small,96,8.0,18,0.0392972724067102,0.9788359788359788,0.00021386689373476087
TemporalResNet18Small,96,8.0,19,0.033822455082211975,0.9788359788359788,0.00020521868290270169
TemporalResNet18Small,96,8.0,20,0.034945168244816804,0.9788359788359788,0.00019635254915624208
TemporalResNet18Small,96,8.0,21,0.028081611910773276,0.9761904761904762,0.00018730348307472816
TemporalResNet18Small,96,8.0,22,0.03658828437362578,0.9814814814814815,0.00017810719718785867
TemporalResNet18Small,96,12.0,1,0.9465935440624461,0.24338624338624337,0.0002997040092642407
TemporalResNet18Small,96,12.0,2,0.29050745289115343,0.9047619047619048,0.0002988172051971717
TemporalResNet18Small,96,12.0,3,0.22817331968861468,0.917989417989418,0.0002973430876093033
TemporalResNet18Small,96,12.0,4,0.1421291079810437,0.9814814814814815,0.00029528747416929463
TemporalResNet18Small,96,12.0,5,0.09522398758460493,0.955026455026455,0.00029265847744427303
TemporalResNet18Small,96,12.0,6,0.08896366753341521,0.9735449735449735,0.0002894664728832377
TemporalResNet18Small,96,12.0,7,0.06531004700809717,0.9682539682539683,0.000285724057869903
TemporalResNet18Small,96,12.0,8,0.06260307904278092,0.9735449735449735,0.00028144600200657956
TemporalResNet18Small,96,12.0,9,0.06971836933756576,0.9656084656084656,0.0002766491888253023
TemporalResNet18Small,96,12.0,10,0.04861474268631462,0.9682539682539683,0.00027135254915624217
TemporalResNet18Small,96,12.0,11,0.05060270523159381,0.9761904761904762,0.0002655769864163684
TemporalResNet18Small,96,12.0,12,0.03994049398940714,0.9708994708994709,0.0002593452941132117
TemporalResNet18Small,96,12.0,13,0.05172436232062276,0.9708994708994709,0.0002526820658893033
TemporalResNet18Small,96,12.0,14,0.03597199615529355,0.9788359788359788,0.0002456135984623034
TemporalResNet18Small,96,16.0,1,0.8564404661164564,0.3148148148148148,0.0002997040092642407
TemporalResNet18Small,96,16.0,2,0.26769544359515696,0.9497354497354498,0.0002988172051971717
TemporalResNet18Small,96,16.0,3,0.15196165409596527,0.9576719576719577,0.0002973430876093033
TemporalResNet18Small,96,16.0,4,0.12483805982286439,0.9814814814814815,0.00029528747416929463
TemporalResNet18Small,96,16.0,5,0.10983164553694866,0.9682539682539683,0.00029265847744427303
TemporalResNet18Small,96,16.0,6,0.06838229457464289,0.955026455026455,0.0002894664728832377
TemporalResNet18Small,96,16.0,7,0.10071945067166406,0.9708994708994709,0.000285724057869903
TemporalResNet18Small,96,16.0,8,0.0672099191476317,0.9841269841269841,0.00028144600200657956
TemporalResNet18Small,96,16.0,9,0.06941146241939243,0.9894179894179894,0.0002766491888253023
TemporalResNet18Small,96,16.0,10,0.0693448999458376,0.9682539682539683,0.00027135254915624217
TemporalResNet18Small,96,16.0,11,0.07152621831525774,0.9735449735449735,0.0002655769864163684
TemporalResNet18Small,96,16.0,12,0.05203948616433669,0.9841269841269841,0.0002593452941132117
TemporalResNet18Small,96,16.0,13,0.04461815518409233,0.9814814814814815,0.0002526820658893033
TemporalResNet18Small,96,16.0,14,0.0387226275565541,0.9894179894179894,0.0002456135984623034
TemporalResNet18Small,96,16.0,15,0.036839017610284776,0.9841269841269841,0.00023816778784387096
TemporalResNet18Small,96,16.0,16,0.03909017511657165,0.9841269841269841,0.00023037401924684944
TemporalResNet18Small,96,16.0,17,0.031067103062763207,0.9788359788359788,0.00022226305111525726
TemporalResNet18Small,96,16.0,18,0.043026627513908726,0.9814814814814815,0.00021386689373476087
TemporalResNet18Small,96,16.0,19,0.03971690952996997,0.9973544973544973,0.00020521868290270169
TemporalResNet18Small,96,16.0,20,0.03164147447044824,0.9894179894179894,0.00019635254915624208
TemporalResNet18Small,96,16.0,21,0.040654750244678274,0.9814814814814815,0.00018730348307472816
TemporalResNet18Small,96,16.0,22,0.036843790318337545,0.9841269841269841,0.00017810719718785867
TemporalResNet18Small,96,16.0,23,0.03142781222713358,0.9841269841269841,0.00016879998503464564
TemporalResNet18Small,96,16.0,24,0.037146250284208426,0.9814814814814815,0.000159418577929397
TemporalResNet18Small,96,16.0,25,0.03599621625300428,0.9920634920634921,0.00015
TemporalResNet18Small,96,16.0,26,0.02795335527180749,0.9920634920634921,0.000140581422070603
TemporalResNet18Small,96,16.0,27,0.04211618354191374,0.9920634920634921,0.00013120001496535436
TemporalResNet18Small,96,16.0,28,0.036561595145886874,0.9788359788359788,0.0001218928028121413
TemporalResNet18Small,96,16.0,29,0.02557176223190789,0.9788359788359788,0.00011269651692527177
TemporalResNet18Small,96,24.0,1,0.8271423464312273,0.328042328042328,0.0002997040092642407
TemporalResNet18Small,96,24.0,2,0.22514478752718253,0.9021164021164021,0.0002988172051971717
TemporalResNet18Small,96,24.0,3,0.14357003284727826,0.8915343915343915,0.0002973430876093033
TemporalResNet18Small,96,24.0,4,0.12448404258226647,0.9629629629629629,0.00029528747416929463
TemporalResNet18Small,96,24.0,5,0.09950415066936437,0.9312169312169312,0.00029265847744427303
TemporalResNet18Small,96,24.0,6,0.0875097589348169,0.955026455026455,0.0002894664728832377
TemporalResNet18Small,96,24.0,7,0.06273436229949926,0.9682539682539683,0.000285724057869903
TemporalResNet18Small,96,24.0,8,0.0730913354029112,0.9629629629629629,0.00028144600200657956
TemporalResNet18Small,96,24.0,9,0.052189975607154125,0.9603174603174603,0.0002766491888253023
TemporalResNet18Small,96,24.0,10,0.053648738580865454,0.9576719576719577,0.00027135254915624217
TemporalResNet18Small,96,24.0,11,0.04415435902774334,0.9735449735449735,0.0002655769864163684
TemporalResNet18Small,96,24.0,12,0.03831191231866422,0.9629629629629629,0.0002593452941132117
TemporalResNet18Small,96,24.0,13,0.0342567166149178,0.9761904761904762,0.0002526820658893033
TemporalResNet18Small,96,24.0,14,0.04087917703744846,0.9629629629629629,0.0002456135984623034
TemporalResNet18Small,96,24.0,15,0.03529981202582883,0.9735449735449735,0.00023816778784387096
TemporalResNet18Small,96,24.0,16,0.03355269201497054,0.9761904761904762,0.00023037401924684944
TemporalResNet18Small,96,24.0,17,0.031457937057198515,0.9629629629629629,0.00022226305111525726
TemporalResNet18Small,96,24.0,18,0.04834678973180845,0.9761904761904762,0.00021386689373476087
TemporalResNet18Small,96,24.0,19,0.04457796310923774,0.9629629629629629,0.00020521868290270169
TemporalResNet18Small,96,24.0,20,0.0536193375763319,0.9735449735449735,0.00019635254915624208
TemporalResNet18Small,96,24.0,21,0.054097669514115244,0.9682539682539683,0.00018730348307472816
TemporalResNet18Small,96,24.0,22,0.04291898475425756,0.9682539682539683,0.00017810719718785867
TemporalResNet18Small,96,24.0,23,0.03406904384267845,0.9629629629629629,0.00016879998503464564
TemporalResNet18Small,123,2.0,1,0.9114541954853955,0.32275132275132273,0.0002997040092642407
TemporalResNet18Small,123,2.0,2,0.3283158860662404,0.917989417989418,0.0002988172051971717
TemporalResNet18Small,123,2.0,3,0.18479453421690883,0.9285714285714286,0.0002973430876093033
TemporalResNet18Small,123,2.0,4,0.14549336111282601,0.9206349206349206,0.00029528747416929463
TemporalResNet18Small,123,2.0,5,0.11034074924228822,0.9603174603174603,0.00029265847744427303
TemporalResNet18Small,123,2.0,6,0.07611016792190425,0.9312169312169312,0.0002894664728832377
TemporalResNet18Small,123,2.0,7,0.06024426777901895,0.9629629629629629,0.000285724057869903
TemporalResNet18Small,123,2.0,8,0.05104630246676285,0.9497354497354498,0.00028144600200657956
TemporalResNet18Small,123,2.0,9,0.043069036834982824,0.9629629629629629,0.0002766491888253023
TemporalResNet18Small,123,2.0,10,0.03625122210531331,0.9656084656084656,0.00027135254915624217
TemporalResNet18Small,123,2.0,11,0.04135322970550453,0.9656084656084656,0.0002655769864163684
TemporalResNet18Small,123,2.0,12,0.04286094585960895,0.9629629629629629,0.0002593452941132117
TemporalResNet18Small,123,2.0,13,0.030552078105221668,0.9656084656084656,0.0002526820658893033
TemporalResNet18Small,123,2.0,14,0.04401992493213209,0.9629629629629629,0.0002456135984623034
TemporalResNet18Small,123,2.0,15,0.032326488724827546,0.9656084656084656,0.00023816778784387096
TemporalResNet18Small,123,2.0,16,0.03261639302389299,0.9656084656084656,0.00023037401924684944
TemporalResNet18Small,123,2.0,17,0.036365762367495336,0.9656084656084656,0.00022226305111525726
TemporalResNet18Small,123,2.0,18,0.032778007917787524,0.9603174603174603,0.00021386689373476087
TemporalResNet18Small,123,2.0,19,0.03340743945890983,0.9629629629629629,0.00020521868290270169
TemporalResNet18Small,123,2.0,20,0.03714017611620126,0.9682539682539683,0.00019635254915624208
TemporalResNet18Small,123,2.0,21,0.030650758892400463,0.9682539682539683,0.00018730348307472816
TemporalResNet18Small,123,2.0,22,0.03027275822686908,0.9656084656084656,0.00017810719718785867
TemporalResNet18Small,123,2.0,23,0.02728077563840677,0.9656084656084656,0.00016879998503464564
TemporalResNet18Small,123,2.0,24,0.031130968348246395,0.9629629629629629,0.000159418577929397
TemporalResNet18Small,123,2.0,25,0.032729577139167194,0.9629629629629629,0.00015
TemporalResNet18Small,123,2.0,26,0.025012948573609774,0.9656084656084656,0.000140581422070603
TemporalResNet18Small,123,2.0,27,0.033712754857654494,0.9682539682539683,0.00013120001496535436
TemporalResNet18Small,123,2.0,28,0.03412092015059898,0.9656084656084656,0.0001218928028121413
TemporalResNet18Small,123,2.0,29,0.030738276276893243,0.9656084656084656,0.00011269651692527177
TemporalResNet18Small,123,2.0,30,0.028579590782422146,0.9629629629629629,0.00010364745084375793
TemporalResNet18Small,123,3.0,1,0.8216815731104683,0.20105820105820105,0.0002997040092642407
TemporalResNet18Small,123,3.0,2,0.20312419698080597,0.9735449735449735,0.0002988172051971717
TemporalResNet18Small,123,3.0,3,0.09106399042203146,0.9074074074074074,0.0002973430876093033
TemporalResNet18Small,123,3.0,4,0.034663769334335535,0.9841269841269841,0.00029528747416929463
TemporalResNet18Small,123,3.0,5,0.02983911958290264,1.0,0.00029265847744427303
TemporalResNet18Small,123,3.0,6,0.005193128630601089,1.0,0.0002894664728832377
TemporalResNet18Small,123,3.0,7,0.0012296523029149016,1.0,0.000285724057869903
TemporalResNet18Small,123,3.0,8,0.0011296850588063106,1.0,0.00028144600200657956
TemporalResNet18Small,123,3.0,9,0.0003149033963221454,1.0,0.0002766491888253023
TemporalResNet18Small,123,3.0,10,0.0002202903603628168,1.0,0.00027135254915624217
TemporalResNet18Small,123,3.0,11,0.00015975947869318428,1.0,0.0002655769864163684
TemporalResNet18Small,123,3.0,12,0.00015363429231322645,1.0,0.0002593452941132117
TemporalResNet18Small,123,3.0,13,0.00013238469760193874,1.0,0.0002526820658893033
TemporalResNet18Small,123,3.0,14,0.000130672075529754,1.0,0.0002456135984623034
TemporalResNet18Small,123,3.0,15,0.00011358289809911238,1.0,0.00023816778784387096
TemporalResNet18Small,123,4.0,1,0.7895019054412842,0.36772486772486773,0.0002997040092642407
TemporalResNet18Small,123,4.0,2,0.2512601879151428,0.9206349206349206,0.0002988172051971717
TemporalResNet18Small,123,4.0,3,0.14137123941498644,0.9708994708994709,0.0002973430876093033
TemporalResNet18Small,123,4.0,4,0.11370019275037681,0.955026455026455,0.00029528747416929463
TemporalResNet18Small,123,4.0,5,0.0890377466840779,0.9629629629629629,0.00029265847744427303
TemporalResNet18Small,123,4.0,6,0.06311199529206052,0.9708994708994709,0.0002894664728832377
TemporalResNet18Small,123,4.0,7,0.07645274679559995,0.9788359788359788,0.000285724057869903
TemporalResNet18Small,123,4.0,8,0.06363404691493248,0.9761904761904762,0.00028144600200657956
TemporalResNet18Small,123,4.0,9,0.05144065061091062,0.9682539682539683,0.0002766491888253023
TemporalResNet18Small,123,4.0,10,0.05030534133616397,0.9708994708994709,0.00027135254915624217
TemporalResNet18Small,123,4.0,11,0.040253612904480714,0.9814814814814815,0.0002655769864163684
TemporalResNet18Small,123,4.0,12,0.047531433382948095,0.955026455026455,0.0002593452941132117
TemporalResNet18Small,123,4.0,13,0.0798957758473561,0.9788359788359788,0.0002526820658893033
TemporalResNet18Small,123,4.0,14,0.0504499291864169,0.9814814814814815,0.0002456135984623034
TemporalResNet18Small,123,4.0,15,0.03792551248539787,0.9761904761904762,0.00023816778784387096
TemporalResNet18Small,123,4.0,16,0.0405081335492843,0.9735449735449735,0.00023037401924684944
TemporalResNet18Small,123,4.0,17,0.03933029531617649,0.9735449735449735,0.00022226305111525726
TemporalResNet18Small,123,4.0,18,0.03867923816227738,0.9735449735449735,0.00021386689373476087
TemporalResNet18Small,123,4.0,19,0.02950017214393216,0.9735449735449735,0.00020521868290270169
TemporalResNet18Small,123,4.0,20,0.03466919654644752,0.9708994708994709,0.00019635254915624208
TemporalResNet18Small,123,4.0,21,0.040355084272211086,0.9708994708994709,0.00018730348307472816
TemporalResNet18Small,123,6.0,1,0.9441692925551358,0.22486772486772486,0.0002997040092642407
TemporalResNet18Small,123,6.0,2,0.2680176781380878,0.8677248677248677,0.0002988172051971717
TemporalResNet18Small,123,6.0,3,0.16625514757983825,0.9047619047619048,0.0002973430876093033
TemporalResNet18Small,123,6.0,4,0.15773145164198735,0.8783068783068783,0.00029528747416929463
TemporalResNet18Small,123,6.0,5,0.10261968468480251,0.9417989417989417,0.00029265847744427303
TemporalResNet18Small,123,6.0,6,0.11938480794539347,0.9629629629629629,0.0002894664728832377
TemporalResNet18Small,123,6.0,7,0.08604028319720836,0.9603174603174603,0.000285724057869903
TemporalResNet18Small,123,6.0,8,0.08348702915998943,0.9761904761904762,0.00028144600200657956
TemporalResNet18Small,123,6.0,9,0.06442992597380105,0.9735449735449735,0.0002766491888253023
TemporalResNet18Small,123,6.0,10,0.06676456515732057,0.9761904761904762,0.00027135254915624217
TemporalResNet18Small,123,6.0,11,0.052048510378774476,0.9761904761904762,0.0002655769864163684
TemporalResNet18Small,123,6.0,12,0.03561126484932816,0.9761904761904762,0.0002593452941132117
TemporalResNet18Small,123,6.0,13,0.03707109226311064,0.9761904761904762,0.0002526820658893033
TemporalResNet18Small,123,6.0,14,0.0338106975044973,0.9735449735449735,0.0002456135984623034
TemporalResNet18Small,123,6.0,15,0.03500537829120945,0.9761904761904762,0.00023816778784387096
TemporalResNet18Small,123,6.0,16,0.04092999889946762,0.9788359788359788,0.00023037401924684944
TemporalResNet18Small,123,6.0,17,0.04404395944712793,0.9735449735449735,0.00022226305111525726
TemporalResNet18Small,123,6.0,18,0.03653382701518507,0.9735449735449735,0.00021386689373476087
TemporalResNet18Small,123,6.0,19,0.03740259783808142,0.9814814814814815,0.00020521868290270169
TemporalResNet18Small,123,6.0,20,0.03854513356996262,0.9788359788359788,0.00019635254915624208
TemporalResNet18Small,123,6.0,21,0.034764036370153704,0.9761904761904762,0.00018730348307472816
TemporalResNet18Small,123,6.0,22,0.04060133289107505,0.9735449735449735,0.00017810719718785867
TemporalResNet18Small,123,6.0,23,0.03446278100925744,0.9761904761904762,0.00016879998503464564
TemporalResNet18Small,123,6.0,24,0.039652030969805574,0.9788359788359788,0.000159418577929397
TemporalResNet18Small,123,6.0,25,0.03857606097153621,0.9788359788359788,0.00015
TemporalResNet18Small,123,6.0,26,0.035419674281215785,0.9788359788359788,0.000140581422070603
TemporalResNet18Small,123,6.0,27,0.031087176829768234,0.9788359788359788,0.00013120001496535436
TemporalResNet18Small,123,6.0,28,0.043103497201467264,0.9761904761904762,0.0001218928028121413
TemporalResNet18Small,123,6.0,29,0.03677955889425528,0.9761904761904762,0.00011269651692527177
TemporalResNet18Small,123,8.0,1,0.8333389198078829,0.24338624338624337,0.0002997040092642407
TemporalResNet18Small,123,8.0,2,0.27954644446863847,0.9285714285714286,0.0002988172051971717
TemporalResNet18Small,123,8.0,3,0.1800152148832293,0.9814814814814815,0.0002973430876093033
TemporalResNet18Small,123,8.0,4,0.1282700236667605,0.9867724867724867,0.00029528747416929463
TemporalResNet18Small,123,8.0,5,0.10302284968030803,0.9682539682539683,0.00029265847744427303
TemporalResNet18Small,123,8.0,6,0.11900653153219644,0.9761904761904762,0.0002894664728832377
TemporalResNet18Small,123,8.0,7,0.07458605381714947,0.9841269841269841,0.000285724057869903
TemporalResNet18Small,123,8.0,8,0.06440741560586236,0.9814814814814815,0.00028144600200657956
TemporalResNet18Small,123,8.0,9,0.06563018087078543,0.9894179894179894,0.0002766491888253023
TemporalResNet18Small,123,8.0,10,0.06257004652391462,0.9788359788359788,0.00027135254915624217
TemporalResNet18Small,123,8.0,11,0.060150126488331485,0.9788359788359788,0.0002655769864163684
TemporalResNet18Small,123,8.0,12,0.05068324988379198,0.9894179894179894,0.0002593452941132117
TemporalResNet18Small,123,8.0,13,0.04190655200577834,0.9841269841269841,0.0002526820658893033
TemporalResNet18Small,123,8.0,14,0.03988323990351466,0.9841269841269841,0.0002456135984623034
TemporalResNet18Small,123,8.0,15,0.03609620877336163,0.9894179894179894,0.00023816778784387096
TemporalResNet18Small,123,8.0,16,0.03721508321862476,0.9814814814814815,0.00023037401924684944
TemporalResNet18Small,123,8.0,17,0.03774231901351253,0.9814814814814815,0.00022226305111525726
TemporalResNet18Small,123,8.0,18,0.039460917469114065,0.9841269841269841,0.00021386689373476087
TemporalResNet18Small,123,8.0,19,0.03417699556516977,0.9814814814814815,0.00020521868290270169
TemporalResNet18Small,123,12.0,1,0.7999439695302177,0.30423280423280424,0.0002997040092642407
TemporalResNet18Small,123,12.0,2,0.2571894587839351,0.917989417989418,0.0002988172051971717
TemporalResNet18Small,123,12.0,3,0.1780228247756467,0.91005291005291,0.0002973430876093033
TemporalResNet18Small,123,12.0,4,0.13285026293905342,0.9761904761904762,0.00029528747416929463
TemporalResNet18Small,123,12.0,5,0.1401276366018197,0.9867724867724867,0.00029265847744427303
TemporalResNet18Small,123,12.0,6,0.08064251206815243,0.9761904761904762,0.0002894664728832377
TemporalResNet18Small,123,12.0,7,0.09146896190941334,0.9814814814814815,0.000285724057869903
TemporalResNet18Small,123,12.0,8,0.06660963059403002,0.9841269841269841,0.00028144600200657956
TemporalResNet18Small,123,12.0,9,0.06768364870153806,0.9814814814814815,0.0002766491888253023
TemporalResNet18Small,123,12.0,10,0.05800237205317792,0.9920634920634921,0.00027135254915624217
TemporalResNet18Small,123,12.0,11,0.059399706852512765,0.9708994708994709,0.0002655769864163684
TemporalResNet18Small,123,12.0,12,0.06264622031491907,0.9682539682539683,0.0002593452941132117
TemporalResNet18Small,123,12.0,13,0.04743860803736264,0.9814814814814815,0.0002526820658893033
TemporalResNet18Small,123,12.0,14,0.05003960289554123,0.9788359788359788,0.0002456135984623034
TemporalResNet18Small,123,12.0,15,0.05052827936871087,0.9814814814814815,0.00023816778784387096
TemporalResNet18Small,123,12.0,16,0.03999573040602948,0.9841269841269841,0.00023037401924684944
TemporalResNet18Small,123,12.0,17,0.03841039050808724,0.9920634920634921,0.00022226305111525726
TemporalResNet18Small,123,12.0,18,0.032956000376383174,0.9947089947089947,0.00021386689373476087
TemporalResNet18Small,123,12.0,19,0.04198768672187511,0.9814814814814815,0.00020521868290270169
TemporalResNet18Small,123,12.0,20,0.038416441914759,0.9814814814814815,0.00019635254915624208
TemporalResNet18Small,123,12.0,21,0.03880321472688058,0.9814814814814815,0.00018730348307472816
TemporalResNet18Small,123,12.0,22,0.03341854495759916,0.9814814814814815,0.00017810719718785867
TemporalResNet18Small,123,12.0,23,0.03592019645935472,0.9814814814814815,0.00016879998503464564
TemporalResNet18Small,123,12.0,24,0.03534740661587635,0.9814814814814815,0.000159418577929397
TemporalResNet18Small,123,12.0,25,0.03686494605276761,0.9920634920634921,0.00015
TemporalResNet18Small,123,12.0,26,0.034497486886667664,0.9814814814814815,0.000140581422070603
TemporalResNet18Small,123,12.0,27,0.04054396800861201,0.9814814814814815,0.00013120001496535436
TemporalResNet18Small,123,12.0,28,0.03618083519326961,0.9841269841269841,0.0001218928028121413
TemporalResNet18Small,123,16.0,1,0.8666054282118293,0.29894179894179895,0.0002997040092642407
TemporalResNet18Small,123,16.0,2,0.2574451285250047,0.9312169312169312,0.0002988172051971717
TemporalResNet18Small,123,16.0,3,0.16525350401506705,0.9365079365079365,0.0002973430876093033
TemporalResNet18Small,123,16.0,4,0.13141936326728149,0.9232804232804233,0.00029528747416929463
TemporalResNet18Small,123,16.0,5,0.0956544560544631,0.9444444444444444,0.00029265847744427303
TemporalResNet18Small,123,16.0,6,0.09190328200073804,0.9603174603174603,0.0002894664728832377
TemporalResNet18Small,123,16.0,7,0.09520246414467692,0.9814814814814815,0.000285724057869903
TemporalResNet18Small,123,16.0,8,0.08437203966519412,0.8941798941798942,0.00028144600200657956
TemporalResNet18Small,123,16.0,9,0.063090972328449,0.9576719576719577,0.0002766491888253023
TemporalResNet18Small,123,16.0,10,0.0483528659952914,0.9656084656084656,0.00027135254915624217
TemporalResNet18Small,123,16.0,11,0.03936428944443298,0.9735449735449735,0.0002655769864163684
TemporalResNet18Small,123,16.0,12,0.05443823259488186,0.9629629629629629,0.0002593452941132117
TemporalResNet18Small,123,16.0,13,0.04509991906610701,0.9629629629629629,0.0002526820658893033
TemporalResNet18Small,123,16.0,14,0.04778661872328752,0.9629629629629629,0.0002456135984623034
TemporalResNet18Small,123,16.0,15,0.03997208004789975,0.9814814814814815,0.00023816778784387096
TemporalResNet18Small,123,16.0,16,0.03540025009544265,0.9629629629629629,0.00023037401924684944
TemporalResNet18Small,123,16.0,17,0.027384009518701694,0.9761904761904762,0.00022226305111525726
TemporalResNet18Small,123,24.0,1,0.7702857290997225,0.2962962962962963,0.0002997040092642407
TemporalResNet18Small,123,24.0,2,0.252346550607506,0.917989417989418,0.0002988172051971717
TemporalResNet18Small,123,24.0,3,0.1605008265332264,0.9444444444444444,0.0002973430876093033
TemporalResNet18Small,123,24.0,4,0.13943956206169197,0.9470899470899471,0.00029528747416929463
TemporalResNet18Small,123,24.0,5,0.08187365255263798,0.9497354497354498,0.00029265847744427303
TemporalResNet18Small,123,24.0,6,0.05929699184044319,0.9312169312169312,0.0002894664728832377
TemporalResNet18Small,123,24.0,7,0.0675557596499429,0.9629629629629629,0.000285724057869903
TemporalResNet18Small,123,24.0,8,0.08618294162785306,0.9735449735449735,0.00028144600200657956
TemporalResNet18Small,123,24.0,9,0.04243589768542305,0.9682539682539683,0.0002766491888253023
TemporalResNet18Small,123,24.0,10,0.04945942686925478,0.9656084656084656,0.00027135254915624217
TemporalResNet18Small,123,24.0,11,0.041716496915529096,0.9788359788359788,0.0002655769864163684
TemporalResNet18Small,123,24.0,12,0.044174216547296107,0.9708994708994709,0.0002593452941132117
TemporalResNet18Small,123,24.0,13,0.038635493276695555,0.9708994708994709,0.0002526820658893033
TemporalResNet18Small,123,24.0,14,0.030561132359948447,0.9682539682539683,0.0002456135984623034
TemporalResNet18Small,123,24.0,15,0.03444558820303749,0.9708994708994709,0.00023816778784387096
TemporalResNet18Small,123,24.0,16,0.03869722199434524,0.9682539682539683,0.00023037401924684944
TemporalResNet18Small,123,24.0,17,0.0319083671167712,0.9735449735449735,0.00022226305111525726
TemporalResNet18Small,123,24.0,18,0.029591909907621276,0.9788359788359788,0.00021386689373476087
TemporalResNet18Small,123,24.0,19,0.03539898997148745,0.9682539682539683,0.00020521868290270169
TemporalResNet18Small,123,24.0,20,0.030683433200465515,0.9682539682539683,0.00019635254915624208
TemporalResNet18Small,123,24.0,21,0.02854597415032057,0.9682539682539683,0.00018730348307472816
TemporalResNet18Small,777,2.0,1,0.8847754904452492,0.30687830687830686,0.0002997040092642407
TemporalResNet18Small,777,2.0,2,0.30109065245179567,0.9021164021164021,0.0002988172051971717
TemporalResNet18Small,777,2.0,3,0.18572174023617716,0.9629629629629629,0.0002973430876093033
TemporalResNet18Small,777,2.0,4,0.13966420533902504,0.9708994708994709,0.00029528747416929463
TemporalResNet18Small,777,2.0,5,0.10573116624180008,0.9603174603174603,0.00029265847744427303
TemporalResNet18Small,777,2.0,6,0.0756703316617538,0.9417989417989417,0.0002894664728832377
TemporalResNet18Small,777,2.0,7,0.06236815548447125,0.9629629629629629,0.000285724057869903
TemporalResNet18Small,777,2.0,8,0.0611228348194238,0.9735449735449735,0.00028144600200657956
TemporalResNet18Small,777,2.0,9,0.051428439177791864,0.9576719576719577,0.0002766491888253023
TemporalResNet18Small,777,2.0,10,0.06944048986770213,0.9867724867724867,0.00027135254915624217
TemporalResNet18Small,777,2.0,11,0.053945007418994516,0.9682539682539683,0.0002655769864163684
TemporalResNet18Small,777,2.0,12,0.05179622841944151,0.9708994708994709,0.0002593452941132117
TemporalResNet18Small,777,2.0,13,0.048214813314296084,0.9576719576719577,0.0002526820658893033
TemporalResNet18Small,777,2.0,14,0.03533395830719896,0.9735449735449735,0.0002456135984623034
TemporalResNet18Small,777,2.0,15,0.03871042689527659,0.9788359788359788,0.00023816778784387096
TemporalResNet18Small,777,2.0,16,0.03305729190983316,0.9735449735449735,0.00023037401924684944
TemporalResNet18Small,777,2.0,17,0.034165925117764236,0.9735449735449735,0.00022226305111525726
TemporalResNet18Small,777,2.0,18,0.04096348353606813,0.9761904761904762,0.00021386689373476087
TemporalResNet18Small,777,2.0,19,0.037158176367109476,0.9788359788359788,0.00020521868290270169
TemporalResNet18Small,777,2.0,20,0.03398642732816584,0.9682539682539683,0.00019635254915624208
TemporalResNet18Small,777,3.0,1,0.8064408652922687,0.24603174603174602,0.0002997040092642407
TemporalResNet18Small,777,3.0,2,0.22057796466876478,0.9708994708994709,0.0002988172051971717
TemporalResNet18Small,777,3.0,3,0.056261041256434774,0.9285714285714286,0.0002973430876093033
TemporalResNet18Small,777,3.0,4,0.021186941796365905,0.9894179894179894,0.00029528747416929463
TemporalResNet18Small,777,3.0,5,0.02548055167255156,0.9761904761904762,0.00029265847744427303
TemporalResNet18Small,777,3.0,6,0.01517363978714189,0.9920634920634921,0.0002894664728832377
TemporalResNet18Small,777,3.0,7,0.0050041873165515855,1.0,0.000285724057869903
TemporalResNet18Small,777,3.0,8,0.0010787798879284632,1.0,0.00028144600200657956
TemporalResNet18Small,777,3.0,9,0.0013294959584634531,1.0,0.0002766491888253023
TemporalResNet18Small,777,3.0,10,0.0003022222408617381,1.0,0.00027135254915624217
TemporalResNet18Small,777,3.0,11,0.00018490126454065938,1.0,0.0002655769864163684
TemporalResNet18Small,777,3.0,12,0.00021427896364698158,1.0,0.0002593452941132117
TemporalResNet18Small,777,3.0,13,0.00012437140022110029,1.0,0.0002526820658893033
TemporalResNet18Small,777,3.0,14,9.414063938225702e-05,1.0,0.0002456135984623034
TemporalResNet18Small,777,3.0,15,9.284900411062957e-05,1.0,0.00023816778784387096
TemporalResNet18Small,777,3.0,16,7.500152766143027e-05,1.0,0.00023037401924684944
TemporalResNet18Small,777,3.0,17,6.71005808565978e-05,1.0,0.00022226305111525726
TemporalResNet18Small,777,4.0,1,0.8080185669309953,0.2751322751322751,0.0002997040092642407
TemporalResNet18Small,777,4.0,2,0.2964782644720638,0.8412698412698413,0.0002988172051971717
TemporalResNet18Small,777,4.0,3,0.22127397950081265,0.9285714285714286,0.0002973430876093033
TemporalResNet18Small,777,4.0,4,0.15616044993786252,0.9708994708994709,0.00029528747416929463
TemporalResNet18Small,777,4.0,5,0.13378503973431446,0.9788359788359788,0.00029265847744427303
TemporalResNet18Small,777,4.0,6,0.1063744742423296,0.9708994708994709,0.0002894664728832377
TemporalResNet18Small,777,4.0,7,0.08514717043213108,0.9708994708994709,0.000285724057869903
TemporalResNet18Small,777,4.0,8,0.06453822512070045,0.9894179894179894,0.00028144600200657956
TemporalResNet18Small,777,4.0,9,0.057391386520227086,0.9735449735449735,0.0002766491888253023
TemporalResNet18Small,777,4.0,10,0.06744073124547653,0.9841269841269841,0.00027135254915624217
TemporalResNet18Small,777,4.0,11,0.059934568872182244,0.9735449735449735,0.0002655769864163684
TemporalResNet18Small,777,4.0,12,0.05255041900090873,0.9814814814814815,0.0002593452941132117
TemporalResNet18Small,777,4.0,13,0.03722051511388546,0.9841269841269841,0.0002526820658893033
TemporalResNet18Small,777,4.0,14,0.040542182971394676,0.9867724867724867,0.0002456135984623034
TemporalResNet18Small,777,4.0,15,0.04790379650384078,0.9735449735449735,0.00023816778784387096
TemporalResNet18Small,777,4.0,16,0.03366733489811475,0.9788359788359788,0.00023037401924684944
TemporalResNet18Small,777,4.0,17,0.04145150912432548,0.9708994708994709,0.00022226305111525726
TemporalResNet18Small,777,4.0,18,0.034508418990299106,0.9788359788359788,0.00021386689373476087
TemporalResNet18Small,777,6.0,1,0.9590030680684483,0.21428571428571427,0.0002997040092642407
TemporalResNet18Small,777,6.0,2,0.2761106022140559,0.9312169312169312,0.0002988172051971717
TemporalResNet18Small,777,6.0,3,0.14226127273457892,0.9391534391534392,0.0002973430876093033
TemporalResNet18Small,777,6.0,4,0.14310013075523517,0.9126984126984127,0.00029528747416929463
TemporalResNet18Small,777,6.0,5,0.09397794662372154,0.9391534391534392,0.00029265847744427303
TemporalResNet18Small,777,6.0,6,0.09931253904805463,0.9761904761904762,0.0002894664728832377
TemporalResNet18Small,777,6.0,7,0.0681196636903812,0.9206349206349206,0.000285724057869903
TemporalResNet18Small,777,6.0,8,0.06458855634007384,0.9761904761904762,0.00028144600200657956
TemporalResNet18Small,777,6.0,9,0.05615267123999622,0.9470899470899471,0.0002766491888253023
TemporalResNet18Small,777,6.0,10,0.054686782888465506,0.9761904761904762,0.00027135254915624217
TemporalResNet18Small,777,6.0,11,0.04932020323159283,0.9761904761904762,0.0002655769864163684
TemporalResNet18Small,777,6.0,12,0.05150979712112423,0.9788359788359788,0.0002593452941132117
TemporalResNet18Small,777,6.0,13,0.039686747134991866,0.9761904761904762,0.0002526820658893033
TemporalResNet18Small,777,6.0,14,0.04112427100977477,0.9761904761904762,0.0002456135984623034
TemporalResNet18Small,777,6.0,15,0.028863867030903587,0.9788359788359788,0.00023816778784387096
TemporalResNet18Small,777,6.0,16,0.04704912572838914,0.9841269841269841,0.00023037401924684944
TemporalResNet18Small,777,6.0,17,0.038423942566356235,0.9761904761904762,0.00022226305111525726
TemporalResNet18Small,777,6.0,18,0.037764013341717036,0.9788359788359788,0.00021386689373476087
TemporalResNet18Small,777,6.0,19,0.032034577819799515,0.9814814814814815,0.00020521868290270169
TemporalResNet18Small,777,6.0,20,0.039560689741526454,0.9841269841269841,0.00019635254915624208
TemporalResNet18Small,777,6.0,21,0.03658371898071731,0.9788359788359788,0.00018730348307472816
TemporalResNet18Small,777,6.0,22,0.03608597842428614,0.9761904761904762,0.00017810719718785867
TemporalResNet18Small,777,6.0,23,0.03449289016048972,0.9788359788359788,0.00016879998503464564
TemporalResNet18Small,777,6.0,24,0.03545896948130308,0.9788359788359788,0.000159418577929397
TemporalResNet18Small,777,6.0,25,0.03247043305942926,0.9761904761904762,0.00015
TemporalResNet18Small,777,6.0,26,0.035473665852537924,0.9761904761904762,0.000140581422070603
TemporalResNet18Small,777,8.0,1,0.9325958315063926,0.43386243386243384,0.0002997040092642407
TemporalResNet18Small,777,8.0,2,0.2864507432369625,0.9417989417989417,0.0002988172051971717
TemporalResNet18Small,777,8.0,3,0.15699195116758347,0.9603174603174603,0.0002973430876093033
TemporalResNet18Small,777,8.0,4,0.09837432934299987,0.9629629629629629,0.00029528747416929463
TemporalResNet18Small,777,8.0,5,0.08533865413354601,0.9708994708994709,0.00029265847744427303
TemporalResNet18Small,777,8.0,6,0.07120279073441292,0.9708994708994709,0.0002894664728832377
TemporalResNet18Small,777,8.0,7,0.07876964069574195,0.9682539682539683,0.000285724057869903
TemporalResNet18Small,777,8.0,8,0.05674394209157018,0.9629629629629629,0.00028144600200657956
TemporalResNet18Small,777,8.0,9,0.06456906712778351,0.9523809523809523,0.0002766491888253023
TemporalResNet18Small,777,8.0,10,0.0587337849634316,0.9708994708994709,0.00027135254915624217
TemporalResNet18Small,777,8.0,11,0.054001741888522005,0.9629629629629629,0.0002655769864163684
TemporalResNet18Small,777,8.0,12,0.04437148432000814,0.9656084656084656,0.0002593452941132117
TemporalResNet18Small,777,8.0,13,0.0636741650489378,0.9629629629629629,0.0002526820658893033
TemporalResNet18Small,777,8.0,14,0.042289429741418534,0.9629629629629629,0.0002456135984623034
TemporalResNet18Small,777,8.0,15,0.043681553277351404,0.9682539682539683,0.00023816778784387096
TemporalResNet18Small,777,12.0,1,0.7648464108214659,0.35714285714285715,0.0002997040092642407
TemporalResNet18Small,777,12.0,2,0.25609522049917893,0.8994708994708994,0.0002988172051971717
TemporalResNet18Small,777,12.0,3,0.14896156507379868,0.9708994708994709,0.0002973430876093033
TemporalResNet18Small,777,12.0,4,0.14299792741589687,0.9497354497354498,0.00029528747416929463
TemporalResNet18Small,777,12.0,5,0.0939773883232299,0.91005291005291,0.00029265847744427303
TemporalResNet18Small,777,12.0,6,0.10326114310609068,0.9761904761904762,0.0002894664728832377
TemporalResNet18Small,777,12.0,7,0.07657365555710652,0.9417989417989417,0.000285724057869903
TemporalResNet18Small,777,12.0,8,0.06571091633454404,0.9735449735449735,0.00028144600200657956
TemporalResNet18Small,777,12.0,9,0.06625578953774974,0.9523809523809523,0.0002766491888253023
TemporalResNet18Small,777,12.0,10,0.05981039361316053,0.9259259259259259,0.00027135254915624217
TemporalResNet18Small,777,12.0,11,0.040947246091330755,0.9629629629629629,0.0002655769864163684
TemporalResNet18Small,777,12.0,12,0.04188468836090418,0.9682539682539683,0.0002593452941132117
TemporalResNet18Small,777,12.0,13,0.03935811645180151,0.9761904761904762,0.0002526820658893033
TemporalResNet18Small,777,12.0,14,0.03632383021142553,0.9656084656084656,0.0002456135984623034
TemporalResNet18Small,777,12.0,15,0.03141795441008392,0.9682539682539683,0.00023816778784387096
TemporalResNet18Small,777,12.0,16,0.03855040050471229,0.9682539682539683,0.00023037401924684944
TemporalResNet18Small,777,16.0,1,0.8263855331084308,0.41005291005291006,0.0002997040092642407
TemporalResNet18Small,777,16.0,2,0.2790151444428107,0.9285714285714286,0.0002988172051971717
TemporalResNet18Small,777,16.0,3,0.16680434521506815,0.9576719576719577,0.0002973430876093033
TemporalResNet18Small,777,16.0,4,0.10924654738867984,0.873015873015873,0.00029528747416929463
TemporalResNet18Small,777,16.0,5,0.10313135325251256,0.9867724867724867,0.00029265847744427303
TemporalResNet18Small,777,16.0,6,0.08505101384156767,0.9841269841269841,0.0002894664728832377
TemporalResNet18Small,777,16.0,7,0.06618756392751546,0.9761904761904762,0.000285724057869903
TemporalResNet18Small,777,16.0,8,0.06366744690903407,0.9761904761904762,0.00028144600200657956
TemporalResNet18Small,777,16.0,9,0.05123101656242986,0.9841269841269841,0.0002766491888253023
TemporalResNet18Small,777,16.0,10,0.03939313201151569,0.9841269841269841,0.00027135254915624217
TemporalResNet18Small,777,16.0,11,0.039150924147928465,0.9841269841269841,0.0002655769864163684
TemporalResNet18Small,777,16.0,12,0.04174440290422782,0.9814814814814815,0.0002593452941132117
TemporalResNet18Small,777,16.0,13,0.04141002106959658,0.9841269841269841,0.0002526820658893033
TemporalResNet18Small,777,16.0,14,0.04162072192155071,0.9814814814814815,0.0002456135984623034
TemporalResNet18Small,777,16.0,15,0.034306460197138434,0.9841269841269841,0.00023816778784387096
TemporalResNet18Small,777,24.0,1,0.8393003528608995,0.35714285714285715,0.0002997040092642407
TemporalResNet18Small,777,24.0,2,0.2909983655109125,0.8915343915343915,0.0002988172051971717
TemporalResNet18Small,777,24.0,3,0.16965491204139063,0.955026455026455,0.0002973430876093033
TemporalResNet18Small,777,24.0,4,0.1146147392471047,0.9444444444444444,0.00029528747416929463
TemporalResNet18Small,777,24.0,5,0.08905350816819597,0.9708994708994709,0.00029265847744427303
TemporalResNet18Small,777,24.0,6,0.07409088047878708,0.9603174603174603,0.0002894664728832377
TemporalResNet18Small,777,24.0,7,0.06292960776344818,0.9656084656084656,0.000285724057869903
TemporalResNet18Small,777,24.0,8,0.05517600345260957,0.9708994708994709,0.00028144600200657956
TemporalResNet18Small,777,24.0,9,0.05791966022704454,0.9470899470899471,0.0002766491888253023
TemporalResNet18Small,777,24.0,10,0.037928543437053173,0.9603174603174603,0.00027135254915624217
TemporalResNet18Small,777,24.0,11,0.038215610113077086,0.9629629629629629,0.0002655769864163684
TemporalResNet18Small,777,24.0,12,0.03503763532224933,0.9629629629629629,0.0002593452941132117
TemporalResNet18Small,777,24.0,13,0.035429065266404956,0.9603174603174603,0.0002526820658893033
TemporalResNet18Small,777,24.0,14,0.03797092254492728,0.9603174603174603,0.0002456135984623034
TemporalResNet18Small,777,24.0,15,0.034825319057905715,0.9708994708994709,0.00023816778784387096
